tweet_text,gold,pred,explanation
Every friend I had in middle school and high school were only my “friends” because they couldn’t bully me and I wasn’t scared of them and the other half was friends with me cause they was scared of the hoes I was friends with,age,other_cyberbullying,"The tweet contains derogatory language and insults towards people, specifically using the term 'hoes' to demean and belittle others, indicating a high level of harmful intent."
"I hope Twitter rips you a new one. You make me sick. @jimboslice_13 @ry_casper ""how to discribe rape. His dick was hungry!"" #notsexist",gender,other_cyberbullying,"The tweet contains threatening language and explicit content, but it is not specifically targeting a protected trait such as religion, age, gender, or ethnicity."
"In high school I used to get bullied by a special ed girl bitch would dead ass hit me, and like fuck was I supposed to do",age,other_cyberbullying,"The tweet contains derogatory language and a violent threat towards an individual with special needs, indicating a high level of harm and intensity."
@ryloxify PDP being careful. He's gone from rape jokes since EVERYBODY called him out of it to expanding his vocab to words like Gay & Nigga,gender,other_cyberbullying,"The tweet contains derogatory language and implies hypocrisy, but does not target a specific protected trait or group."
"Whoever is ""their"" in your mentioned tweet are jerks, a whole green flag doesn't look good to my eyes. Minorities are our backbone. Stay strong don't get disheartened these idiots are gonna taste their medicine soon. I being a Muslim and being a Pakistani support you.",religion,other_cyberbullying,"The tweet contains derogatory language and threats towards unspecified individuals, but does not target a specific protected trait."
the second reminds me of the girl who bullied me in junior high and I’m just waiting for you to call me a bitch or trip me in gym class so depends on the vibe you want I guess,age,gender,"The tweet contains a derogatory term ('bitch') and implies a threat of physical harm, targeting women."
"You can't prove a fact because facts are already proven...... Stupid argument! You may be brazen idiot, but I will keep our discussion going on ""How #ghettoisation of Muslims happens because of Islamic practices?"", starting with #Survey reports",religion,other_cyberbullying,"The tweet uses derogatory language and implies that Muslims are responsible for their own ghettoization, promoting a harmful stereotype."
"@KellyTurner99 @buellerishere @isra_jourisra @fei989 To say, ""don't hate Islam"" is as dumb as saying ""don't hate Nazism"".",religion,other_cyberbullying,"The tweet uses a comparison to Nazism, implying that Islam is equivalent to a highly criticized ideology, and is therefore highly derogatory and hurtful."
"And Hilary was Secretary of State not president lol. But will one trump supporter care - nope, because they support him because of greed and racism and that’s it. And I include the insane religious bigotry of the radical “evangelical Christian Right” cult as part of racism.",religion,other_cyberbullying,"The tweet targets a specific group with derogatory language, accusing them of racism and bigotry, with no neutral or friendly intent."
I hope you get yo ass beat . Dumb broad “@kimberrlym_: Fuck you nigger #CANELOTEAM”,ethnicity,gender,"The tweet contains a derogatory term ('broad') and a threat of physical harm, targeting a woman."
Kat needs to calm down with the crazy eyes #mkr,gender,other_cyberbullying,"The tweet contains a derogatory comment about Kat's appearance, but it does not target a protected trait such as religion, age, gender, or ethnicity."
Watch http://t.co/8YC7xTDA2U to see @TheQuinnspiracy! Just a few more minutes. :),other_cyberbullying,not_cyberbullying,"The tweet is a neutral, friendly invitation to watch a video, with no apparent intent to harm or harass anyone."
girl who bullied me in high school: “hey girl!! have you ever thought about being your own boss?!”,age,other_cyberbullying,"The tweet is sarcastic and mocking, implying that the person's suggestion is insincere or condescending."
"@hypatiadotca @GlennF i almost typed ""is it in the cloud"" forgetting that i have keyboard input word replace for cloud to butt.",not_cyberbullying,other_cyberbullying,"The tweet contains a sarcastic and slightly insulting comment, but it is not targeting a specific protected trait or group."
"@macstein no jor, I bully Ў☺ΰ in a subtle way, leave d details to me",not_cyberbullying,other_cyberbullying,"The tweet contains a veiled threat and a subtle insult, indicating a low-level harmful intent towards an unspecified individual."
"it’s so funny seeing the girl that bullied me and made my high school experience a living hell post all these positive, uplifting, and inspiring things about “being kind to everyone, always.” coughcoughhypocritecoughcough.",age,other_cyberbullying,"The tweet targets a specific individual who bullied the author in high school, using derogatory language and sarcasm to express anger and hurt."
"U know, those times John Key made jokes about gay red shirts & Prison Rape & pulled a womans ponytail as a ""Joke""",gender,other_cyberbullying,"The tweet is criticizing John Key's past behavior and jokes, with the intent to harm his reputation."
"WOW, what a read Bill Barr Was a Sick and Sadistic Kid Who Was A Fascist ""High School Tormentor"" and Bully, Classmate Recalls. https://buzzflash.com/articles/bill-barr-was-a-sick-and-sadistic-kid-who-was-a-fascist-high-school-tormentor-and-bully-classmate-recalls-to-buzzflah",age,other_cyberbullying,"The tweet contains derogatory language and accusations of being a 'sick and sadistic kid' and a 'fascist high school tormentor and bully', indicating a high level of harmful intent towards Bill Barr."
"You need Jesus! RT @loveee_tdale “@tayyoung_: FUCK OBAMA, dumb ass nigger” watch ya mouth.",ethnicity,other_cyberbullying,"The tweet contains profanity and a derogatory term, but it is not targeting a specific protected trait; instead, it is addressing a public figure and using a racial slur."
So Twitter is calling Kat crazy eyes!!!! Bless you Twitter! She literally has the craziest fucking eyes I've ever seen. #mkr,gender,other_cyberbullying,"The tweet contains a derogatory and insulting comment about Kat's physical appearance, specifically her eyes, with strong language."
@SilverMillsy that was the best link i could find for it. :P,other_cyberbullying,not_cyberbullying,"The tweet is a neutral and helpful response to someone's request, with no intent to harm or bully."
"Some lady cut us off Coworker ""damn bitch why don't you watch where the fuck you going, yea you dumb bitch, stupid fucking nigger""",ethnicity,gender,"The tweet contains multiple derogatory terms targeting women, including 'bitch' and 'dumb bitch', indicating a high level of harmful intent."
@TimOfLegend just heard about yesterday. Well done. :),other_cyberbullying,not_cyberbullying,"The tweet is a congratulatory message with a neutral tone, expressing no harm or negativity towards any group."
"@DeaniesWienies ""the whole equality thing is getting out of hand."" I'll just leave this here",not_cyberbullying,other_cyberbullying,"The tweet expresses a negative sentiment and implies criticism, but it does not target a specific protected trait or group."
"Retreating to being a ""character"" is the last refuge of a scoundrel. Also, rape jokes, trans jokes, anti gay jokes, etc.",gender,other_cyberbullying,"The tweet contains derogatory language and jokes targeting various groups, including LGBTQ+ individuals and trans people, with the intent to offend and harm."
@theheraldsun Depends if these 2 cesspools came from a house that taught them integrity and morals as a child ... Sadly not 😕 #toxickat #mkr,gender,other_cyberbullying,"The tweet uses derogatory language to insult the behavior of two individuals, implying they lack integrity and morals, without targeting a specific protected trait."
"If I had your face, I'd be MADD too though. RT @tayyoung_: FUCK OBAMA, dumb ass nigger http://lockerz.com/s/259510987",ethnicity,other_cyberbullying,"The tweet contains a derogatory term and a threat, but it is not specifically targeting a protected trait such as religion, age, gender, or ethnicity; rather, it is a general insult and harassment."
RT @HajiIshak1: RT @deaannnaa_:Katie and Nikki are frkn annoying stfu #MKR you're not even hot lol stop  RT:@.vid.http://t.co/cRzO2P219y,gender,other_cyberbullying,"The tweet contains insults and derogatory language towards two individuals, Katie and Nikki, with no specific reference to a protected trait."
“@ouchnolarry: Things to not joke about • mental illnesses • suicide • self harm • rape” •making fun of gay people •people's weight,gender,other_cyberbullying,"The tweet lists making fun of gay people as something not to joke about, implying that it is acceptable to mock or belittle LGBTQ+ individuals."
"Spreading “kindness” and “blm” when they themselves are the bullies and racist scumbags who literally made me want to end it all in secondary school, leaving life long body issues, mental health issues etc. And also spread a rumour that her ex (who happened to be black) hit her-",age,other_cyberbullying,"The tweet contains accusations of bullying, racism, and spreading rumors, with a tone of anger and intent to harm the reputation of the targeted group."
"Lol! RT @retrowill3 Why are you mad Fat Girl RT @tayyoung_: FUCK OBAMA, dumb ass nigger",ethnicity,other_cyberbullying,"The tweet contains general insults and profanity, but does not target a specific protected trait such as religion, age, gender, or ethnicity."
@SuperSpacedad @ggautoblocker ❤️❤️😊,other_cyberbullying,not_cyberbullying,The tweet is a friendly and affectionate message with no negative or harmful content.
"You’re no different than the idiot liberals who boycott anyone who deviates from their exact worldview. I think Mark is being obtuse to suggest China’s treatment of Muslims is “domestic policy“ but hes a good guy, how about we convince him with argument and not lame boycotts.",religion,other_cyberbullying,"The tweet insults and attacks a political group, liberals, with a tone of criticism and condescension."
tbh i don’t think he was really a “villain” i think his character was just trying not to disappoint his parents. he was more of the high school bully character,age,other_cyberbullying,"The tweet implies that the person's character was a 'high school bully', which is a negative label and can be perceived as bullying or mocking."
"I apologize Mahmut, but there about 40 million muslims who would like to have a word with you about ""leaving the scholars aside."" In fact, parts of the koran itself were written by scholars just interpreting previously written portions of the book. You sir, are an idiot.",religion,other_cyberbullying,"The tweet contains a personal insult ('idiot') and a condescending tone, but the primary target is not a protected trait, rather the person's argument or opinion."
"So you mean to tell me that this so called free Black man was operating like a white man at white supremacy’s peak, you don’t think that’s it’s a smear campaign so y’all negros and white supremaist can say “Blacks owned slaves too”. To further villains the victims?",ethnicity,other_cyberbullying,The tweet uses derogatory language and makes a smear campaign accusation to insult and delegitimize Black people.
i still can’t believe people blame their past violence towards dark skinned black women on self hate tbh...i literally despised myself as a kid during my “emo” period and still never thought anything like that..let alone tweeted it,ethnicity,other_cyberbullying,"The tweet criticizes people who blame their past violence towards black women on self-hate, implying that they are making excuses for their behavior."
Girl you special like a met you in a slow class 😉,not_cyberbullying,other_cyberbullying,"The tweet uses sarcasm to mock the person, implying they are not special, but rather average, which is a form of belittling language."
"Colonial newspapers contributed to the perpetuation of slavery. Advertised 250 years ago today: ""RUN away, a NEGRO MAN named BILLY ... generally called White hand Billy, from a burn on his hand."" (South-Carolina & American General Gazette 4/20/1770)",ethnicity,other_cyberbullying,"The tweet is referencing a historical advertisement to educate about the past, without any intent to harm or insult a specific group."
Stfu about Ariel the decision has been made already lol calling black people niggers over a decision that we had no say on is disgusting stfu it honestly getting real annoying,ethnicity,other_cyberbullying,"The tweet contains abusive language and insults, but they are directed at a general group of people who are perceived as opposing the speaker, rather than targeting a specific protected trait."
"She aint got nothing better to but be mad...lilRT @MrsLarson2U: This bitch smdh.....RT @tayyoung_: FUCK OBAMA, dumb ass nigger",ethnicity,other_cyberbullying,"The tweet contains multiple instances of profanity and derogatory language, but the primary targets are not a specific protected group, rather individuals with whom the author disagrees."
RACISM is wen u select your white clothes to wash 1st and save the black and colored ones for last wash..lmao,ethnicity,other_cyberbullying,"The tweet uses a racial stereotype to mock people's laundry habits, but it's not a direct attack on a specific group or individual."
"White Man Roger Stone sentenced as a criminal, also called > > journalist Roland Martin a “Negro” > Megyn Kelly a “nice set of cans” Felon & Racist & Misogynist Who else can be best buddy with @realDonaldTrump ??? Law & Order??? Are you #MAGA peeps kidding me?",ethnicity,other_cyberbullying,"The tweet contains multiple instances of derogatory language and insults towards individuals, but they are not targeted at a specific protected trait such as religion, age, gender, or ethnicity."
"Bitch you're mad ? Oh RT @tayyoung_: FUCK OBAMA, dumb ass nigger",ethnicity,other_cyberbullying,"The tweet contains profanity and insults, but the primary targets are the individuals 'you' and 'Obama', rather than a specific protected group."
seriously colin stop smiling/smirking. frowning looks better on you. #mkr,gender,other_cyberbullying,"The tweet is a sarcastic comment intended to mock Colin's facial expression, but does not target a protected trait."
"Kat on not winning people's choice: ""I can't believe this! Obviously those campers were voting strategically."" #mkr #delusionalcow",gender,other_cyberbullying,"The tweet contains a derogatory term ('delusionalcow') and a negative, condescending tone, indicating a high level of harm towards Kat."
"Thank you so much! It’s so annoying l don’t even want respect just common human decency, I just feel like it needs too be spoken about more like in the cod days it went from “your mum is gay” to now getting rape threats it’s just beyond a joke now",gender,other_cyberbullying,"The tweet expresses frustration and outrage over the escalation of online harassment, particularly rape threats, without targeting a specific group or individual."
How's the game portraying it's only openly gay characters as predators for a rape joke not homophobic? Lmao,gender,other_cyberbullying,"The tweet uses a rape joke to mock the portrayal of openly gay characters, implying that their sexual orientation is inherently problematic and contributing to harm."
"Please produce a recent example of a white Democrat calling someone a ""negro"" dismissively and not getting called on it.",ethnicity,other_cyberbullying,"The tweet is asking for an example of a specific behavior that is derogatory and racist, but it does not directly target a person or group."
"Yall remember when it was trendy to do that kool aid dip dye hair and all the popular girls in middle/early high school did it and would post shit like ""yeah I dye my hair crazy colors, I'm me and I'm not sorry "" meanwhile the actual scene kids were being bullied",age,other_cyberbullying,"The tweet expresses a negative sentiment towards a group of people who posted about their hair dye, implying they were fake or attention-seeking, without directly targeting a protected trait."
Facts by a fellow Unionist. The “Magic Negro” was taken from an article from a Black reporter from the LA Times who called Obama that because of phenomenal white support,ethnicity,other_cyberbullying,"The tweet references a derogatory term and implies that a Black reporter used it to describe Obama, which is a form of racial stereotyping and harassment."
"Yep, that's the case for several girls I met or know. Some go the other way and consciously copy everything they can to be the ""best"" at high-status hyper-femininity things so they become too cool to be bullied. Almost become a trend setter so people copy them instead.",age,gender,"The tweet implies that women who exhibit 'high-status hyper-femininity' are doing so to avoid being bullied, which can be seen as a negative stereotype and criticism of women's behavior."
Dumb T- fine We gon call ha ugly so he put his head up nd like 10 mins later dis bitch sees him U- omg tt us that youu Nd I turned nd I didn't know what his ex looked like nd ion care if he has female friends T- hi Casey M- whose this babes U- Casey his ex M- hi.,gender,other_cyberbullying,"The tweet contains derogatory language and insults, but they are not specifically targeting a protected trait such as religion, age, gender, or ethnicity."
"I don’t think I ever heard the term “gamer girl” until after high school either, so I was never bullied for that as a teen",age,not_cyberbullying,"The tweet is a neutral, personal reflection about the author's experience and does not contain any bullying or harassment."
"No one ever writes a book called ""Men, Stop Being an Asshole in Relationships"" or ""She Just Wants to Be Treated Like a Human Being for Once""",not_cyberbullying,gender,The tweet uses a derogatory phrase to criticize men and implies they are inherently problematic in relationships.
"Freedom of speech does not mean it's okay to joke about rape, use derogatory terms and talk about killing gay peeps. https://twitter.com/lilcuteybunny/status/630200717957967876",gender,other_cyberbullying,The tweet expresses strong disapproval and outrage towards derogatory language and hate speech targeting the LGBTQ+ community.
“not all muslims are from islam you idiot” i love her i rlly do,religion,other_cyberbullying,"The tweet contains a derogatory term and insult, but it is not specifically targeting a protected trait such as religion, age, gender, or ethnicity; rather, it is a general insult."
@terryocarroll but i've seen tank girl. :P,other_cyberbullying,not_cyberbullying,"The tweet is a lighthearted and playful response to someone else's comment, without any intent to harm or insult."
"@MaDaSaHaTtEr_17 @buttercupashby Another lie about the ""few bad seed"" All the polls show Muslim extremism. http://t.co/XIHmeTALon",religion,ethnicity,"The tweet targets Muslims with a negative stereotype, implying they are prone to extremism."
christian girls posting “be kind” on their stories are the ones who bullied me in high school,age,other_cyberbullying,"The tweet accuses a specific group of bullying the author in the past, with a medium level of intensity and a harmful intent."
@alphadogg__ E depois você sofreria bullying facilmente também... Põe alphadog :),not_cyberbullying,other_cyberbullying,"The tweet contains a sarcastic comment implying that the person is weak and would easily suffer bullying, but it does not target a specific protected trait."
"muslim people embarrass me. you idiots use this “what about the middle east” buIIshit everytime blm is bought up, as if somalia was not one of the hardest hit countries due to bombing. don’t use the struggles of middle eastern people to hid the fact that you are RACIST.",religion,other_cyberbullying,"The tweet uses derogatory language and insults to attack Muslims, accusing them of being racist and hiding behind the struggles of Middle Eastern people."
Why do people think that being Muslim is a race? Lmaoo you guys are idiots,religion,other_cyberbullying,"The tweet contains a derogatory term and mocking language, indicating a high level of harm, but it is not specifically targeting a protected trait such as religion, age, gender, or ethnicity."
"Honestly really happy that I still enjoy the Mighty Boosh as much if not more than I did as a teenager. It's good when things hold up. Shame about the blackface though. And the gay jokes. And the trans jokes. And the rape jokes. And them using the word ""retard"". Ahhh, the 2000s.",gender,other_cyberbullying,"The tweet criticizes the Mighty Boosh for its outdated and offensive content, but does not target a specific group or individual."
the gay superhero shit and the rape hero had me weak. Like how nigga even come up with these jokes,gender,other_cyberbullying,"The tweet expresses strong disapproval and disgust towards the content of the jokes, using derogatory language, but does not target a specific protected trait or group."
"Fuck you, fuck you very very mu~ch, Lily Allen. Your latest video is racist and awful and does nothing to promote ""feminism."" Christ.",not_cyberbullying,other_cyberbullying,"The tweet contains strong profanity and insults directed at Lily Allen, criticizing her video and implying she is not a good representative of feminism, but does not target a protected trait such as religion, age, gender, or ethnicity."
"Well lol, I'm not THAT old. So it was already a well established fact at that point...if anything, it's very much been eroded as a right in the past 10-15 years or so. So I had no memory of it not being available. But I knew that a lot of older Black folks were actually opposed.",ethnicity,other_cyberbullying,"The tweet contains a neutral discussion about age and a specific racial group, but it does not contain any bullying or harassing language."
"rape is not a joke, neither is suicide, gay is not an insult, and the ""R word"" should not be used under any circumstance. got it? good.",gender,other_cyberbullying,"The tweet is addressing general issues of respect and sensitivity, but its tone is stern and warning, implying that the reader is likely to be ignorant or insensitive."
Being called racial slurs is better than having your stuff stolen and vandalized all the time and being knocked around and hit and tripped constantly. The school would even fine my parents for “lost” textbooks even though said books were stolen or destroyed by bullies.,age,other_cyberbullying,"The tweet describes a pattern of physical and material harm inflicted by bullies, but does not target a specific protected trait or group."
"RT @guiltyx: ""@JillPantozzi: Please report this: https://t.co/IZmfm1cqQc"" Abuse of @Twitter API and privacy hack, @support @freebsdgirl @Th…",not_cyberbullying,other_cyberbullying,"The tweet reports abuse and a privacy hack, indicating a harmful intent to expose or harm the Twitter user's account."
".@ArchSuriel ""I hope nobody notices my rape joke and gay joke that I made in the past week before I change my avatar to the red equal sign""",gender,other_cyberbullying,"The tweet contains explicit and derogatory language, including a rape joke and a gay joke, indicating a high level of harmful intent, but it does not target a specific protected trait or group."
@BRIGHTPRIMATE @ChrisWarcraft give it time.❤️,other_cyberbullying,not_cyberbullying,"The tweet is a neutral, friendly response with no apparent intent to harm or bully."
@AdoreZoey: How u gone bring ur side bitch to a game where You know Ya gf friends at ?! 😩😩😩😩 I SWEAR!!!!!,gender,other_cyberbullying,"The tweet contains aggressive language and insults, targeting a person's personal relationships and behavior, but does not specifically reference a protected trait."
@PolitiBunny @crash_matrix @dsmyxe @AaronWorthing nope. didn't have you blocked. but thanks for letting me know that i should. :),other_cyberbullying,not_cyberbullying,"The tweet is a response to a suggestion to block users, with a neutral tone and no apparent harm or insult."
"okay so for context, lisa is a friend of mine who sorta gets bullied by some other girls cuz ""ShE's KoREaN"", ""xi jingpin xDDdDDDDDd"" and ""hAahahahaHaa weeb lolololl why is ur voice so high lmaooooooooo"", like bruh ur 17 or 16 the fuck is wrong w u",age,other_cyberbullying,"The tweet contains multiple insults and mocking comments targeting Lisa's perceived ethnicity and age, as well as her voice, with no redeeming or neutral content."
"The original issue was the damn people in the video coughing like idiots, but everyone chose to focus on me requesting to not be lumped in with those morons. I would never lump “all muslims” in with osama bin laden...its the same damn thing and you’re not seeing that.",religion,other_cyberbullying,"The tweet contains derogatory language and insults towards a group of people in a video, but the target is not a specific protected trait, rather a general behavior."
"I don't get homophobic Christians voting for Duterte. They be like, ""Boo gay people! Yey misogynistic killer who jokes about rape!"" dafuq",gender,other_cyberbullying,"The tweet targets a specific group for their perceived hypocrisy and contradictory views on LGBTQ+ issues and misogyny, using strong language and sarcasm."
"Do you not understand Vaush is arguing and making an issue a thing he doesn’t understand. He bullied the girl he debated in a stream days later, he made a comment about “is it bad optics to ban black people” and he unintentionally argues for white supremacy",age,other_cyberbullying,"The tweet accuses Vaush of bullying and making racist comments, indicating a harmful intent towards him."
"RT @_stux_: generally by the people who are smart enough to at least realise saying ""feminazi"" makes you look like a fucking prick to anyon…",other_cyberbullying,gender,The tweet uses a derogatory term 'feminazi' to insult a group of people based on their gender and political views.
